run_id,cell,engine,R,n_subjects,K_events,missingness_enabled,true_order_design,mean_error_g1,mean_error_g2,mean_error_g3,mean_distance_g1_g2,mean_distance_g1_g3,mean_distance_g2_g3,mean_position_gap_g1_g3,mean_per_cohort_position_gap_g1_g3,majority_wrong_pairs_g1,majority_wrong_pairs_g2,majority_wrong_pairs_g3,majority_pairwise_error_g1,majority_pairwise_error_g2,majority_pairwise_error_g3
method_kde_mechanism_a,IID_S_CD,kde_gmm,1000,971,14,False,fixed across cohorts,0.43213186813186794,0.32808791208791266,0.3214285714285715,0.46538461538461606,0.45967032967033006,0.4090329670329667,0.9057142857142857,4.074714285714286,10,3,2,0.10989010989010989,0.03296703296703297,0.02197802197802198
method_kde_mechanism_a,IID_S_CD,kde_gmm_pooled,1000,971,14,False,fixed across cohorts,0.32884615384615434,0.28440659340659397,0.2819890109890114,0.21070329670329754,0.20969230769230854,0.1258681318681328,0.30914285714285716,2.0295714285714284,1,2,3,0.01098901098901099,0.02197802197802198,0.03296703296703297
method_kde_mechanism_a,REF_S_CD,kde_gmm,1000,971,14,False,fixed across cohorts,0.47087912087912054,0.36503296703296717,0.2997142857142866,0.48129670329670327,0.4779120879120879,0.42338461538461575,1.544142857142857,4.274999999999998,29,21,3,0.31868131868131866,0.23076923076923078,0.03296703296703297
method_kde_mechanism_a,REF_S_CD,kde_gmm_pooled,1000,971,14,False,fixed across cohorts,0.39464835164835177,0.321483516483517,0.2387032967032973,0.23553846153846192,0.28198901098901147,0.17502197802197875,1.598,2.6924285714285756,28,19,3,0.3076923076923077,0.2087912087912088,0.03296703296703297
method_kde_mechanism_a,REF_S_N4_CD,kde_gmm,1000,3884,14,False,fixed across cohorts,0.4207032967032967,0.2954285714285722,0.21241758241758318,0.43158241758241866,0.43586813186813117,0.3383516483516487,1.8350000000000002,3.802428571428569,26,19,7,0.2857142857142857,0.2087912087912088,0.07692307692307693
method_kde_mechanism_a,REF_S_N4_CD,kde_gmm_pooled,1000,3884,14,False,fixed across cohorts,0.33821978021978066,0.2550549450549457,0.1475164835164844,0.1783516483516492,0.26980219780219816,0.1618681318681328,2.0477142857142856,2.5844285714285715,24,22,7,0.26373626373626374,0.24175824175824176,0.07692307692307693
method_mechanism_16n_a,IID_S_N16,invariant_min,200,15536,14,True,fixed across cohorts,0.10543956043956024,0.10142857142857122,0.10087912087912068,0.024999999999999953,0.024670329670329613,0.012197802197802178,0.04428571428571428,0.3050000000000001,0,0,0,0.0,0.0,0.0
method_mechanism_16n_a,IID_S_N16,repaired,200,15536,14,True,fixed across cohorts,0.09060439560439543,0.05285714285714275,0.04906593406593398,0.09906593406593385,0.09670329670329648,0.06357142857142843,0.2592857142857143,1.0628571428571432,0,0,0,0.0,0.0,0.0
method_mechanism_16n_a,REF_S_N16,invariant_min,200,15536,14,True,fixed across cohorts,0.1076373626373624,0.10120879120879103,0.1004945054945053,0.032032967032966965,0.03131868131868126,0.014450549450549426,0.034999999999999996,0.38071428571428606,1,1,1,0.01098901098901099,0.01098901098901099,0.01098901098901099
method_mechanism_16n_a,REF_S_N16,repaired,200,15536,14,True,fixed across cohorts,0.2509890109890111,0.13686813186813157,0.04857142857142846,0.18576923076923066,0.27560439560439554,0.16324175824175785,2.2207142857142856,2.655714285714286,21,11,2,0.23076923076923078,0.12087912087912088,0.02197802197802198
method_mechanism_a,BAL_S,invariant_min,1000,971,14,True,fixed across cohorts,0.2407142857142867,0.22528571428571523,0.2252967032967039,0.07901098901098977,0.07754945054945131,0.045285714285714686,0.09914285714285713,0.8882857142857128,1,1,1,0.01098901098901099,0.01098901098901099,0.01098901098901099
method_mechanism_a,BAL_S,invariant_pooled,1000,971,14,True,fixed across cohorts,0.2399560439560449,0.22478021978022084,0.2245604395604402,0.07875824175824249,0.07739560439560512,0.04514285714285751,0.09714285714285716,0.886142857142856,1,1,1,0.01098901098901099,0.01098901098901099,0.01098901098901099
method_mechanism_a,BAL_S,repaired,1000,971,14,True,fixed across cohorts,0.3140439560439568,0.20843956043956155,0.2012747252747263,0.331692307692308,0.3276483516483525,0.24039560439560498,0.8942857142857142,3.1838571428571383,3,2,2,0.03296703296703297,0.02197802197802198,0.02197802197802198
method_mechanism_a,BAL_S,shared,1000,971,14,True,fixed across cohorts,0.24103296703296803,0.22467032967033074,0.22452747252747315,0.07900000000000067,0.07762637362637437,0.04517582417582455,0.10885714285714286,0.8875714285714275,1,1,1,0.01098901098901099,0.01098901098901099,0.01098901098901099
method_mechanism_a,BAL_S_N4,invariant_min,1000,3884,14,True,fixed across cohorts,0.14970329670329768,0.14224175824175908,0.14106593406593504,0.04721978021978066,0.046021978021978396,0.026120879120879036,0.04414285714285714,0.5495714285714282,0,0,0,0.0,0.0,0.0
method_mechanism_a,BAL_S_N4,invariant_pooled,1000,3884,14,True,fixed across cohorts,0.1496703296703307,0.14209890109890197,0.1409560439560449,0.04724175824175871,0.046142857142857506,0.026109890109890024,0.04385714285714286,0.5505714285714283,0,0,0,0.0,0.0,0.0
method_mechanism_a,BAL_S_N4,repaired,1000,3884,14,True,fixed across cohorts,0.19765934065934138,0.1151648351648362,0.10979120879120978,0.21135164835164946,0.20960439560439653,0.14078021978022073,0.5435714285714286,2.11385714285714,1,1,2,0.01098901098901099,0.01098901098901099,0.02197802197802198
method_mechanism_a,BAL_S_N4,shared,1000,3884,14,True,fixed across cohorts,0.14972527472527578,0.14207692307692393,0.14094505494505588,0.04723076923076969,0.04605494505494544,0.02607692307692299,0.046,0.5499999999999997,0,0,0,0.0,0.0,0.0
method_mechanism_a,IID_S,invariant_min,1000,971,14,True,fixed across cohorts,0.2410769230769237,0.22818681318681408,0.22814285714285817,0.07638461538461615,0.07543956043956118,0.04553846153846188,0.07028571428571428,0.8624285714285711,1,1,2,0.01098901098901099,0.01098901098901099,0.02197802197802198
method_mechanism_a,IID_S,invariant_pooled,1000,971,14,True,fixed across cohorts,0.24079120879120905,0.22723076923077026,0.2274395604395612,0.07595604395604473,0.07504395604395679,0.04572527472527507,0.07042857142857142,0.8569999999999992,1,2,2,0.01098901098901099,0.02197802197802198,0.02197802197802198
method_mechanism_a,IID_S,repaired,1000,971,14,True,fixed across cohorts,0.3061758241758243,0.2092857142857149,0.20425274725274797,0.331615384615385,0.32642857142857207,0.2475164835164847,0.8140000000000001,3.1779999999999964,5,2,2,0.054945054945054944,0.02197802197802198,0.02197802197802198
method_mechanism_a,IID_S,shared,1000,971,14,True,fixed across cohorts,0.24057142857142913,0.22716483516483602,0.22765934065934157,0.0773186813186822,0.07585714285714368,0.04664835164835208,0.06814285714285714,0.8645714285714281,1,1,1,0.01098901098901099,0.01098901098901099,0.01098901098901099
method_mechanism_a,IID_S_N4,invariant_min,1000,3884,14,True,fixed across cohorts,0.14923076923077008,0.14263736263736362,0.14216483516483594,0.04556043956043996,0.04458241758241791,0.0265824175824175,0.03557142857142857,0.534285714285715,0,0,1,0.0,0.0,0.01098901098901099
method_mechanism_a,IID_S_N4,invariant_pooled,1000,3884,14,True,fixed across cohorts,0.14873626373626453,0.14209890109890203,0.14186813186813266,0.04534065934065974,0.04442857142857177,0.02625274725274717,0.034999999999999996,0.5335714285714293,0,0,1,0.0,0.0,0.01098901098901099
method_mechanism_a,IID_S_N4,repaired,1000,3884,14,True,fixed across cohorts,0.19047252747252835,0.11437362637362737,0.10854945054945143,0.20798901098901185,0.20414285714285788,0.138241758241759,0.4957142857142857,2.069428571428571,1,0,1,0.01098901098901099,0.0,0.01098901098901099
method_mechanism_a,IID_S_N4,shared,1000,3884,14,True,fixed across cohorts,0.14965934065934144,0.14236263736263827,0.14179120879120954,0.04650549450549492,0.04582417582417623,0.026153846153846073,0.03942857142857143,0.5485714285714294,0,0,1,0.0,0.0,0.01098901098901099
method_mechanism_a,REF_S,invariant_min,1000,971,14,True,fixed across cohorts,0.258252747252748,0.23904395604395698,0.24023076923076997,0.0903736263736273,0.09094505494505586,0.04960439560439606,0.1187142857142857,1.0235714285714284,3,3,2,0.03296703296703297,0.03296703296703297,0.02197802197802198
method_mechanism_a,REF_S,invariant_pooled,1000,971,14,True,fixed across cohorts,0.2532087912087919,0.23190109890109964,0.23212087912087997,0.09242857142857235,0.09174725274725351,0.04698901098901139,0.13799999999999998,1.025,2,1,1,0.02197802197802198,0.01098901098901099,0.01098901098901099
method_mechanism_a,REF_S,repaired,1000,971,14,True,fixed across cohorts,0.3808791208791211,0.2531318681318687,0.1745494505494513,0.35935164835164796,0.3863736263736272,0.27757142857142897,2.0188571428571427,3.6801428571428514,26,12,3,0.2857142857142857,0.13186813186813187,0.03296703296703297
method_mechanism_a,REF_S,shared,1000,971,14,True,fixed across cohorts,0.272593406593407,0.2446153846153853,0.22573626373626435,0.08868131868131941,0.1341978021978032,0.08707692307692402,0.8207142857142857,1.4535714285714274,10,5,1,0.10989010989010989,0.054945054945054944,0.01098901098901099
method_mechanism_a,REF_S_N4,invariant_min,1000,3884,14,True,fixed across cohorts,0.16419780219780308,0.1526373626373632,0.15223076923077,0.05696703296703361,0.0571538461538468,0.029549450549450455,0.05728571428571429,0.6692857142857133,1,1,1,0.01098901098901099,0.01098901098901099,0.01098901098901099
method_mechanism_a,REF_S_N4,invariant_pooled,1000,3884,14,True,fixed across cohorts,0.15887912087912176,0.14537362637362722,0.14517582417582514,0.05737362637362699,0.0577252747252753,0.02694505494505486,0.06042857142857143,0.6768571428571422,0,0,1,0.0,0.0,0.01098901098901099
method_mechanism_a,REF_S_N4,repaired,1000,3884,14,True,fixed across cohorts,0.3033736263736271,0.18047252747252862,0.09353846153846236,0.266505494505495,0.32060439560439635,0.20636263736263827,2.208285714285714,3.104571428571428,24,8,2,0.26373626373626374,0.08791208791208792,0.02197802197802198
method_mechanism_a,REF_S_N4,shared,1000,3884,14,True,fixed across cohorts,0.20504395604395664,0.17006593406593476,0.1420109890109901,0.06783516483516552,0.14259340659340766,0.09403296703296793,1.1561428571428571,1.525142857142857,12,4,1,0.13186813186813187,0.04395604395604396,0.01098901098901099
method_oracle_a,IID_S,oracle_equal_repaired,1000,971,14,True,fixed across cohorts,0.23200000000000043,0.11851648351648426,0.11192307692307787,0.23792307692307765,0.23557142857142932,0.14206593406593504,1.000857142857143,2.390571428571427,10,6,6,0.10989010989010989,0.06593406593406594,0.06593406593406594
method_oracle_a,IID_S,oracle_known_repaired,1000,971,14,True,fixed across cohorts,0.033571428571428565,0.006879120879120858,0.00528571428571427,0.037109890109890215,0.03630769230769243,0.011263736263736229,0.07442857142857143,0.44814285714285773,0,0,0,0.0,0.0,0.0
method_oracle_a,REF_S,oracle_equal_repaired,1000,971,14,True,fixed across cohorts,0.31268131868131915,0.18408791208791314,0.09960439560439659,0.247076923076924,0.34232967032967077,0.23386813186813257,2.6455714285714285,3.3187142857142846,23,16,6,0.25274725274725274,0.17582417582417584,0.06593406593406594
method_oracle_a,REF_S,oracle_known_repaired,1000,971,14,True,fixed across cohorts,0.060362637362637986,0.01058241758241755,0.0020879120879120834,0.06400000000000076,0.060868131868132516,0.012098901098901061,0.224,0.7042857142857132,0,0,0,0.0,0.0,0.0
method_oracle_a,REF_S_N4,oracle_equal_repaired,1000,3884,14,True,fixed across cohorts,0.27153846153846267,0.17529670329670394,0.06402197802197872,0.1479340659340669,0.3144395604395611,0.22340659340659433,2.7805714285714282,3.036142857142859,25,15,4,0.27472527472527475,0.16483516483516483,0.04395604395604396
method_oracle_a,REF_S_N4,oracle_known_repaired,1000,3884,14,True,fixed across cohorts,0.0247802197802197,0.001549450549450546,3.296703296703297e-05,0.02575824175824168,0.024791208791208712,0.001582417582417579,0.08785714285714286,0.30585714285714216,0,0,0,0.0,0.0,0.0
method_oracle_estprior_a,IID_S,oracle_estimated_repaired,1000,971,14,True,fixed across cohorts,0.21164835164835274,0.09716483516483596,0.08623076923077008,0.23503296703296808,0.22816483516483574,0.13594505494505593,0.716,2.291428571428572,0,0,0,0.0,0.0,0.0
method_oracle_estprior_a,REF_S,oracle_estimated_repaired,1000,971,14,True,fixed across cohorts,0.28828571428571514,0.11992307692307783,0.06675824175824244,0.3046043956043962,0.2971098901098908,0.14483516483516579,1.6015714285714286,2.8769999999999993,2,0,0,0.02197802197802198,0.0,0.0
method_oracle_estprior_a,REF_S_N4,oracle_estimated_repaired,1000,3884,14,True,fixed across cohorts,0.1963406593406604,0.055197802197802744,0.02373626373626366,0.20584615384615454,0.2004945054945064,0.06574725274725345,1.0652857142857142,2.0075714285714303,0,0,0,0.0,0.0,0.0
method_saebm_a,BAL_S,saebm_conjugate,1000,971,14,False,fixed across cohorts,0.28646153846153916,0.08774725274725363,0.07653846153846237,0.30447252747252807,0.30273626373626417,0.13015384615384704,1.460857142857143,2.933142857142854,5,0,0,0.054945054945054944,0.0,0.0
method_saebm_a,IID_S,saebm_conjugate,1000,971,14,False,fixed across cohorts,0.2913626373626376,0.08876923076923168,0.07503296703296783,0.308241758241759,0.3037142857142865,0.1307252747252756,1.4948571428571429,2.953714285714286,4,0,0,0.04395604395604396,0.0,0.0
method_saebm_a,REF_S,saebm_conjugate,1000,971,14,False,fixed across cohorts,0.3747912087912092,0.11617582417582517,0.06129670329670398,0.3889230769230771,0.3819120879120883,0.14531868131868222,2.391142857142857,3.661285714285718,11,0,0,0.12087912087912088,0.0,0.0
method_saebm_a,REF_S_N4,saebm_conjugate,1000,3884,14,False,fixed across cohorts,0.200318681318682,0.03349450549450545,0.015725274725274678,0.20664835164835224,0.20483516483516562,0.04251648351648382,0.8658571428571429,2.0618571428571424,1,0,0,0.01098901098901099,0.0,0.0
method_saebm_reference_a,BAL_S_CD,invariant_min,1000,971,14,False,fixed across cohorts,0.21651648351648425,0.20325274725274778,0.20367032967033047,0.06853846153846226,0.0674835164835172,0.03701098901098909,0.08442857142857142,0.7712857142857138,0,0,1,0.0,0.0,0.01098901098901099
method_saebm_reference_a,BAL_S_CD,repaired,1000,971,14,False,fixed across cohorts,0.2877582417582421,0.18123076923076992,0.17651648351648427,0.3098021978021984,0.3072197802197809,0.2216153846153855,0.8261428571428572,3.017857142857146,1,0,0,0.01098901098901099,0.0,0.0
method_saebm_reference_a,BAL_S_CD,shared,1000,971,14,False,fixed across cohorts,0.21664835164835242,0.2025824175824184,0.20303296703296767,0.06837362637362707,0.0675274725274733,0.03695604395604404,0.09342857142857143,0.7722857142857141,0,0,1,0.0,0.0,0.01098901098901099
method_saebm_reference_a,IID_S_CD,invariant_min,1000,971,14,False,fixed across cohorts,0.21564835164835236,0.20401098901098993,0.2040439560439569,0.07009890109890174,0.06800000000000073,0.037439560439560544,0.077,0.7748571428571427,0,1,0,0.0,0.01098901098901099,0.0
method_saebm_reference_a,IID_S_CD,repaired,1000,971,14,False,fixed across cohorts,0.2907582417582424,0.18300000000000086,0.17363736263736357,0.31753846153846227,0.3120879120879125,0.22404395604395674,0.875,3.06371428571429,0,0,0,0.0,0.0,0.0
method_saebm_reference_a,IID_S_CD,shared,1000,971,14,False,fixed across cohorts,0.21534065934066016,0.2033846153846164,0.20298901098901212,0.07160439560439646,0.06896703296703373,0.03821978021978039,0.07985714285714286,0.7880000000000001,0,0,0,0.0,0.0,0.0
method_saebm_reference_a,REF_S_CD,invariant_min,1000,971,14,False,fixed across cohorts,0.2325604395604404,0.21298901098901168,0.2141098901098911,0.08179120879120959,0.0826703296703305,0.04241758241758267,0.116,0.9258571428571409,1,1,1,0.01098901098901099,0.01098901098901099,0.01098901098901099
method_saebm_reference_a,REF_S_CD,repaired,1000,971,14,False,fixed across cohorts,0.36194505494505524,0.2351098901098907,0.15369230769230863,0.34709890109890146,0.37693406593406575,0.26519780219780315,2.0102857142857142,3.634285714285713,23,10,2,0.25274725274725274,0.10989010989010989,0.02197802197802198
method_saebm_reference_a,REF_S_CD,shared,1000,971,14,False,fixed across cohorts,0.2551978021978031,0.22236263736263848,0.2000879120879132,0.07973626373626444,0.14374725274725372,0.0938791208791216,0.9974285714285714,1.5458571428571437,13,2,2,0.14285714285714285,0.02197802197802198,0.02197802197802198
method_saebm_reference_a,REF_S_N4_CD,invariant_min,1000,3884,14,False,fixed across cohorts,0.1444945054945063,0.13528571428571512,0.1348461538461547,0.04683516483516528,0.0471868131868136,0.022747252747252675,0.04857142857142858,0.5601428571428573,1,1,1,0.01098901098901099,0.01098901098901099,0.01098901098901099
method_saebm_reference_a,REF_S_N4_CD,repaired,1000,3884,14,False,fixed across cohorts,0.2809890109890115,0.1666153846153856,0.07721978021978103,0.24096703296703392,0.3030879120879122,0.19478021978022078,2.133857142857143,2.9507142857142843,22,10,2,0.24175824175824176,0.10989010989010989,0.02197802197802198
method_saebm_reference_a,REF_S_N4_CD,shared,1000,3884,14,False,fixed across cohorts,0.19946153846153916,0.15634065934066008,0.1247252747252757,0.06538461538461604,0.1542087912087923,0.10023076923077007,1.3031428571428572,1.6381428571428551,14,4,2,0.15384615384615385,0.04395604395604396,0.02197802197802198
