campaign,cell,left_arm,right_arm,paired_R,bootstrap_replicates,endpoint,difference,paired_bootstrap_low,paired_bootstrap_high,bootstrap_seed
power,EXACT27_G1,shared,repaired,500,10000,any_pair,0.094,0.052,0.134,92600000
power,EXACT27_G1,shared,repaired,500,10000,pair_1,0.1,0.064,0.134,92600001
power,EXACT27_G1,shared,repaired,500,10000,pair_2,0.058,0.028,0.088,92600002
power,EXACT27_G1,shared,repaired,500,10000,pair_3,-0.008,-0.022,0.006,92600003
power,EXACT27_G1,shared,repaired,500,10000,truly_affected_pair,0.102,0.062,0.142,92600004
power,EXACT27_G1,shared,repaired,500,10000,unchanged_pair,-0.008,-0.022,0.006,92600005
power,EXACT27_G1,invariant_min,shared,500,10000,any_pair,-0.01,-0.048,0.028,92600100
power,EXACT27_G1,invariant_min,shared,500,10000,pair_1,-0.038,-0.072,-0.006,92600101
power,EXACT27_G1,invariant_min,shared,500,10000,pair_2,0.026,-0.008,0.058,92600102
power,EXACT27_G1,invariant_min,shared,500,10000,pair_3,-0.004,-0.014,0.006,92600103
power,EXACT27_G1,invariant_min,shared,500,10000,truly_affected_pair,-0.008,-0.046,0.03,92600104
power,EXACT27_G1,invariant_min,shared,500,10000,unchanged_pair,-0.004,-0.014,0.006,92600105
power,EXACT27_G1,invariant_min,repaired,500,10000,any_pair,0.084,0.042,0.124,92600200
power,EXACT27_G1,invariant_min,repaired,500,10000,pair_1,0.062,0.03,0.094,92600201
power,EXACT27_G1,invariant_min,repaired,500,10000,pair_2,0.084,0.052,0.116,92600202
power,EXACT27_G1,invariant_min,repaired,500,10000,pair_3,-0.012,-0.024,0.0,92600203
power,EXACT27_G1,invariant_min,repaired,500,10000,truly_affected_pair,0.094,0.054,0.13404999999999928,92600204
power,EXACT27_G1,invariant_min,repaired,500,10000,unchanged_pair,-0.012,-0.024,0.0,92600205
power,EXACT27_G3,shared,repaired,500,10000,any_pair,0.218,0.17,0.266,92601000
power,EXACT27_G3,shared,repaired,500,10000,pair_1,0.018,0.004,0.034,92601001
power,EXACT27_G3,shared,repaired,500,10000,pair_2,0.054,0.028,0.08,92601002
power,EXACT27_G3,shared,repaired,500,10000,pair_3,0.206,0.16,0.254,92601003
power,EXACT27_G3,shared,repaired,500,10000,truly_affected_pair,0.214,0.166,0.262,92601004
power,EXACT27_G3,shared,repaired,500,10000,unchanged_pair,0.018,0.004,0.034,92601005
power,EXACT27_G3,invariant_min,shared,500,10000,any_pair,0.186,0.136,0.236,92601100
power,EXACT27_G3,invariant_min,shared,500,10000,pair_1,-0.004,-0.02,0.012,92601101
power,EXACT27_G3,invariant_min,shared,500,10000,pair_2,0.048,0.014,0.082,92601102
power,EXACT27_G3,invariant_min,shared,500,10000,pair_3,0.196,0.148,0.246,92601103
power,EXACT27_G3,invariant_min,shared,500,10000,truly_affected_pair,0.192,0.14,0.244,92601104
power,EXACT27_G3,invariant_min,shared,500,10000,unchanged_pair,-0.004,-0.02,0.012,92601105
power,EXACT27_G3,invariant_min,repaired,500,10000,any_pair,0.404,0.352,0.454,92601200
power,EXACT27_G3,invariant_min,repaired,500,10000,pair_1,0.014,0.0,0.028,92601201
power,EXACT27_G3,invariant_min,repaired,500,10000,pair_2,0.102,0.07,0.134,92601202
power,EXACT27_G3,invariant_min,repaired,500,10000,pair_3,0.402,0.352,0.4500499999999993,92601203
power,EXACT27_G3,invariant_min,repaired,500,10000,truly_affected_pair,0.406,0.354,0.458,92601204
power,EXACT27_G3,invariant_min,repaired,500,10000,unchanged_pair,0.014,0.0,0.028,92601205
power,SINGLE13_G3,shared,repaired,500,10000,any_pair,0.358,0.308,0.408,92602000
power,SINGLE13_G3,shared,repaired,500,10000,pair_1,0.006,-0.01,0.022,92602001
power,SINGLE13_G3,shared,repaired,500,10000,pair_2,0.128,0.096,0.16,92602002
power,SINGLE13_G3,shared,repaired,500,10000,pair_3,0.324,0.274,0.372,92602003
power,SINGLE13_G3,shared,repaired,500,10000,truly_affected_pair,0.362,0.312,0.412,92602004
power,SINGLE13_G3,shared,repaired,500,10000,unchanged_pair,0.006,-0.008,0.022,92602005
power,SINGLE13_G3,invariant_min,shared,500,10000,any_pair,0.096,0.05,0.14,92602100
power,SINGLE13_G3,invariant_min,shared,500,10000,pair_1,-0.002,-0.016,0.012,92602101
power,SINGLE13_G3,invariant_min,shared,500,10000,pair_2,0.012,-0.026,0.048,92602102
power,SINGLE13_G3,invariant_min,shared,500,10000,pair_3,0.116,0.072,0.16,92602103
power,SINGLE13_G3,invariant_min,shared,500,10000,truly_affected_pair,0.098,0.052,0.144,92602104
power,SINGLE13_G3,invariant_min,shared,500,10000,unchanged_pair,-0.002,-0.016,0.012,92602105
power,SINGLE13_G3,invariant_min,repaired,500,10000,any_pair,0.454,0.404,0.504,92602200
power,SINGLE13_G3,invariant_min,repaired,500,10000,pair_1,0.004,-0.01,0.02,92602201
power,SINGLE13_G3,invariant_min,repaired,500,10000,pair_2,0.14,0.106,0.174,92602202
power,SINGLE13_G3,invariant_min,repaired,500,10000,pair_3,0.44,0.392,0.488,92602203
power,SINGLE13_G3,invariant_min,repaired,500,10000,truly_affected_pair,0.46,0.412,0.508,92602204
power,SINGLE13_G3,invariant_min,repaired,500,10000,unchanged_pair,0.004,-0.01,0.018,92602205
power,DISJOINT6_G1,shared,repaired,500,10000,any_pair,0.008,-0.020049999999999953,0.036,92603000
power,DISJOINT6_G1,shared,repaired,500,10000,pair_1,0.022,0.002,0.044,92603001
power,DISJOINT6_G1,shared,repaired,500,10000,pair_2,0.002,-0.016,0.02,92603002
power,DISJOINT6_G1,shared,repaired,500,10000,pair_3,-0.004,-0.016,0.008,92603003
power,DISJOINT6_G1,shared,repaired,500,10000,truly_affected_pair,0.012,-0.014,0.038,92603004
power,DISJOINT6_G1,shared,repaired,500,10000,unchanged_pair,-0.004,-0.016,0.008,92603005
power,DISJOINT6_G1,invariant_min,shared,500,10000,any_pair,-0.022,-0.046,0.0,92603100
power,DISJOINT6_G1,invariant_min,shared,500,10000,pair_1,-0.016,-0.036,0.004,92603101
power,DISJOINT6_G1,invariant_min,shared,500,10000,pair_2,0.0,-0.016,0.016,92603102
power,DISJOINT6_G1,invariant_min,shared,500,10000,pair_3,-0.004,-0.014,0.006,92603103
power,DISJOINT6_G1,invariant_min,shared,500,10000,truly_affected_pair,-0.018,-0.04,0.002,92603104
power,DISJOINT6_G1,invariant_min,shared,500,10000,unchanged_pair,-0.004,-0.014,0.006,92603105
power,DISJOINT6_G1,invariant_min,repaired,500,10000,any_pair,-0.014,-0.04,0.012,92603200
power,DISJOINT6_G1,invariant_min,repaired,500,10000,pair_1,0.006,-0.012,0.026,92603201
power,DISJOINT6_G1,invariant_min,repaired,500,10000,pair_2,0.002,-0.016,0.02,92603202
power,DISJOINT6_G1,invariant_min,repaired,500,10000,pair_3,-0.008,-0.02,0.002,92603203
power,DISJOINT6_G1,invariant_min,repaired,500,10000,truly_affected_pair,-0.006,-0.03,0.018,92603204
power,DISJOINT6_G1,invariant_min,repaired,500,10000,unchanged_pair,-0.008,-0.02,0.002,92603205
power,GAUSSIAN_H0,shared,repaired,1000,10000,any_pair,-0.006,-0.021,0.009,92604000
power,GAUSSIAN_H0,shared,repaired,1000,10000,pair_1,-0.005,-0.014,0.004,92604001
power,GAUSSIAN_H0,shared,repaired,1000,10000,pair_2,0.007,-0.002,0.016,92604002
power,GAUSSIAN_H0,shared,repaired,1000,10000,pair_3,-0.006,-0.016,0.004,92604003
power,GAUSSIAN_H0,shared,repaired,1000,10000,unchanged_pair,-0.006,-0.021,0.01,92604005
power,GAUSSIAN_H0,invariant_min,shared,1000,10000,any_pair,0.014,-0.002,0.03,92604100
power,GAUSSIAN_H0,invariant_min,shared,1000,10000,pair_1,0.009,0.0,0.018,92604101
power,GAUSSIAN_H0,invariant_min,shared,1000,10000,pair_2,0.0,-0.01,0.01,92604102
power,GAUSSIAN_H0,invariant_min,shared,1000,10000,pair_3,0.008,-0.002,0.018,92604103
power,GAUSSIAN_H0,invariant_min,shared,1000,10000,unchanged_pair,0.014,-0.001,0.03,92604105
power,GAUSSIAN_H0,invariant_min,repaired,1000,10000,any_pair,0.008,-0.008,0.024,92604200
power,GAUSSIAN_H0,invariant_min,repaired,1000,10000,pair_1,0.004,-0.006,0.015,92604201
power,GAUSSIAN_H0,invariant_min,repaired,1000,10000,pair_2,0.007,-0.002,0.016,92604202
power,GAUSSIAN_H0,invariant_min,repaired,1000,10000,pair_3,0.002,-0.009,0.013,92604203
power,GAUSSIAN_H0,invariant_min,repaired,1000,10000,unchanged_pair,0.008,-0.009,0.024,92604205
robustness,CORR_H0,shared,repaired,1000,10000,any_pair,-0.004,-0.019024999999999976,0.011,92600000
robustness,CORR_H0,shared,repaired,1000,10000,pair_1,0.007,0.0,0.015,92600001
robustness,CORR_H0,shared,repaired,1000,10000,pair_2,-0.006,-0.016,0.004,92600002
robustness,CORR_H0,shared,repaired,1000,10000,pair_3,-0.005,-0.015,0.005,92600003
robustness,CORR_H0,shared,repaired,1000,10000,unchanged_pair,-0.004,-0.019,0.011,92600005
robustness,CORR_H0,invariant_min,shared,1000,10000,any_pair,-0.007,-0.022,0.008,92600100
robustness,CORR_H0,invariant_min,shared,1000,10000,pair_1,-0.003,-0.013,0.007,92600101
robustness,CORR_H0,invariant_min,shared,1000,10000,pair_2,-0.002,-0.01,0.006,92600102
robustness,CORR_H0,invariant_min,shared,1000,10000,pair_3,-0.002,-0.012,0.007,92600103
robustness,CORR_H0,invariant_min,shared,1000,10000,unchanged_pair,-0.007,-0.022,0.008,92600105
robustness,CORR_H0,invariant_min,repaired,1000,10000,any_pair,-0.011,-0.026,0.004,92600200
robustness,CORR_H0,invariant_min,repaired,1000,10000,pair_1,0.004,-0.004,0.012,92600201
robustness,CORR_H0,invariant_min,repaired,1000,10000,pair_2,-0.008,-0.017,0.002,92600202
robustness,CORR_H0,invariant_min,repaired,1000,10000,pair_3,-0.007,-0.018,0.004,92600203
robustness,CORR_H0,invariant_min,repaired,1000,10000,unchanged_pair,-0.011,-0.027,0.004,92600205
robustness,CORR_SINGLE6_G1,shared,repaired,500,10000,any_pair,-0.014,-0.042,0.014,92601000
robustness,CORR_SINGLE6_G1,shared,repaired,500,10000,pair_1,0.002,-0.02,0.024,92601001
robustness,CORR_SINGLE6_G1,shared,repaired,500,10000,pair_2,0.006,-0.01,0.022,92601002
robustness,CORR_SINGLE6_G1,shared,repaired,500,10000,pair_3,-0.008,-0.02,0.002,92601003
robustness,CORR_SINGLE6_G1,shared,repaired,500,10000,truly_affected_pair,-0.006,-0.032,0.02,92601004
robustness,CORR_SINGLE6_G1,shared,repaired,500,10000,unchanged_pair,-0.008,-0.02,0.002,92601005
robustness,CORR_SINGLE6_G1,invariant_min,shared,500,10000,any_pair,-0.014,-0.036,0.008,92601100
robustness,CORR_SINGLE6_G1,invariant_min,shared,500,10000,pair_1,-0.016,-0.034,0.0,92601101
robustness,CORR_SINGLE6_G1,invariant_min,shared,500,10000,pair_2,0.002,-0.016,0.02,92601102
robustness,CORR_SINGLE6_G1,invariant_min,shared,500,10000,pair_3,0.002,-0.006,0.01,92601103
robustness,CORR_SINGLE6_G1,invariant_min,shared,500,10000,truly_affected_pair,-0.016,-0.036,0.002,92601104
robustness,CORR_SINGLE6_G1,invariant_min,shared,500,10000,unchanged_pair,0.002,-0.006,0.01,92601105
robustness,CORR_SINGLE6_G1,invariant_min,repaired,500,10000,any_pair,-0.028,-0.054,-0.002,92601200
robustness,CORR_SINGLE6_G1,invariant_min,repaired,500,10000,pair_1,-0.014,-0.034,0.006,92601201
robustness,CORR_SINGLE6_G1,invariant_min,repaired,500,10000,pair_2,0.008,-0.01,0.026,92601202
robustness,CORR_SINGLE6_G1,invariant_min,repaired,500,10000,pair_3,-0.006,-0.016,0.004,92601203
robustness,CORR_SINGLE6_G1,invariant_min,repaired,500,10000,truly_affected_pair,-0.022,-0.048,0.002,92601204
robustness,CORR_SINGLE6_G1,invariant_min,repaired,500,10000,unchanged_pair,-0.006,-0.016,0.004,92601205
robustness,CORR_SINGLE13_G3,shared,repaired,500,10000,any_pair,0.286,0.24,0.332,92602000
robustness,CORR_SINGLE13_G3,shared,repaired,500,10000,pair_1,-0.002,-0.014,0.01,92602001
robustness,CORR_SINGLE13_G3,shared,repaired,500,10000,pair_2,0.084,0.054,0.116,92602002
robustness,CORR_SINGLE13_G3,shared,repaired,500,10000,pair_3,0.308,0.262,0.352,92602003
robustness,CORR_SINGLE13_G3,shared,repaired,500,10000,truly_affected_pair,0.288,0.242,0.332,92602004
robustness,CORR_SINGLE13_G3,shared,repaired,500,10000,unchanged_pair,-0.002,-0.014,0.01,92602005
robustness,CORR_SINGLE13_G3,invariant_min,shared,500,10000,any_pair,0.128,0.088,0.168,92602100
robustness,CORR_SINGLE13_G3,invariant_min,shared,500,10000,pair_1,0.0,-0.012,0.012,92602101
robustness,CORR_SINGLE13_G3,invariant_min,shared,500,10000,pair_2,-0.012,-0.046,0.022,92602102
robustness,CORR_SINGLE13_G3,invariant_min,shared,500,10000,pair_3,0.126,0.086,0.166,92602103
robustness,CORR_SINGLE13_G3,invariant_min,shared,500,10000,truly_affected_pair,0.134,0.096,0.176,92602104
robustness,CORR_SINGLE13_G3,invariant_min,shared,500,10000,unchanged_pair,0.0,-0.010049999999999955,0.012,92602105
robustness,CORR_SINGLE13_G3,invariant_min,repaired,500,10000,any_pair,0.414,0.366,0.462,92602200
robustness,CORR_SINGLE13_G3,invariant_min,repaired,500,10000,pair_1,-0.002,-0.014,0.01,92602201
robustness,CORR_SINGLE13_G3,invariant_min,repaired,500,10000,pair_2,0.072,0.042,0.102,92602202
robustness,CORR_SINGLE13_G3,invariant_min,repaired,500,10000,pair_3,0.434,0.3899500000000001,0.48,92602203
robustness,CORR_SINGLE13_G3,invariant_min,repaired,500,10000,truly_affected_pair,0.422,0.376,0.47,92602204
robustness,CORR_SINGLE13_G3,invariant_min,repaired,500,10000,unchanged_pair,-0.002,-0.014,0.01,92602205
robustness,T5_H0,shared,repaired,1000,10000,any_pair,-0.028,-0.044,-0.012,92603000
robustness,T5_H0,shared,repaired,1000,10000,pair_1,-0.006,-0.015,0.003,92603001
robustness,T5_H0,shared,repaired,1000,10000,pair_2,-0.009,-0.019,0.001,92603002
robustness,T5_H0,shared,repaired,1000,10000,pair_3,-0.011,-0.021,-0.002,92603003
robustness,T5_H0,shared,repaired,1000,10000,unchanged_pair,-0.028,-0.044,-0.012,92603005
robustness,T5_H0,invariant_min,shared,1000,10000,any_pair,0.006,-0.006,0.018,92603100
robustness,T5_H0,invariant_min,shared,1000,10000,pair_1,0.002,-0.005,0.009,92603101
robustness,T5_H0,invariant_min,shared,1000,10000,pair_2,-0.001,-0.007,0.006,92603102
robustness,T5_H0,invariant_min,shared,1000,10000,pair_3,0.005,-0.003,0.013,92603103
robustness,T5_H0,invariant_min,shared,1000,10000,unchanged_pair,0.006,-0.006,0.018,92603105
robustness,T5_H0,invariant_min,repaired,1000,10000,any_pair,-0.022,-0.038,-0.007,92603200
robustness,T5_H0,invariant_min,repaired,1000,10000,pair_1,-0.004,-0.014,0.005,92603201
robustness,T5_H0,invariant_min,repaired,1000,10000,pair_2,-0.01,-0.02,-0.001,92603202
robustness,T5_H0,invariant_min,repaired,1000,10000,pair_3,-0.006,-0.017,0.004,92603203
robustness,T5_H0,invariant_min,repaired,1000,10000,unchanged_pair,-0.022,-0.038,-0.007,92603205
robustness,T5_SINGLE6_G1,shared,repaired,500,10000,any_pair,-0.008,-0.030049999999999952,0.016,92604000
robustness,T5_SINGLE6_G1,shared,repaired,500,10000,pair_1,0.0,-0.018,0.018,92604001
robustness,T5_SINGLE6_G1,shared,repaired,500,10000,pair_2,0.008,-0.004,0.022,92604002
robustness,T5_SINGLE6_G1,shared,repaired,500,10000,pair_3,-0.01,-0.022,0.002,92604003
robustness,T5_SINGLE6_G1,shared,repaired,500,10000,truly_affected_pair,0.002,-0.018,0.022,92604004
robustness,T5_SINGLE6_G1,shared,repaired,500,10000,unchanged_pair,-0.01,-0.022,0.002,92604005
robustness,T5_SINGLE6_G1,invariant_min,shared,500,10000,any_pair,-0.008,-0.026,0.01,92604100
robustness,T5_SINGLE6_G1,invariant_min,shared,500,10000,pair_1,-0.012,-0.026,0.002,92604101
robustness,T5_SINGLE6_G1,invariant_min,shared,500,10000,pair_2,-0.004,-0.018,0.01,92604102
robustness,T5_SINGLE6_G1,invariant_min,shared,500,10000,pair_3,0.002,-0.006,0.012,92604103
robustness,T5_SINGLE6_G1,invariant_min,shared,500,10000,truly_affected_pair,-0.01,-0.028,0.006,92604104
robustness,T5_SINGLE6_G1,invariant_min,shared,500,10000,unchanged_pair,0.002,-0.006,0.012,92604105
robustness,T5_SINGLE6_G1,invariant_min,repaired,500,10000,any_pair,-0.016,-0.038,0.006,92604200
robustness,T5_SINGLE6_G1,invariant_min,repaired,500,10000,pair_1,-0.012,-0.026,0.002,92604201
robustness,T5_SINGLE6_G1,invariant_min,repaired,500,10000,pair_2,0.004,-0.008,0.016,92604202
robustness,T5_SINGLE6_G1,invariant_min,repaired,500,10000,pair_3,-0.008,-0.02,0.004,92604203
robustness,T5_SINGLE6_G1,invariant_min,repaired,500,10000,truly_affected_pair,-0.008,-0.026,0.01,92604204
robustness,T5_SINGLE6_G1,invariant_min,repaired,500,10000,unchanged_pair,-0.008,-0.02,0.004,92604205
robustness,T5_SINGLE13_G3,shared,repaired,500,10000,any_pair,0.01,-0.012,0.034,92605000
robustness,T5_SINGLE13_G3,shared,repaired,500,10000,pair_1,-0.008,-0.02,0.004,92605001
robustness,T5_SINGLE13_G3,shared,repaired,500,10000,pair_2,0.002,-0.01,0.014,92605002
robustness,T5_SINGLE13_G3,shared,repaired,500,10000,pair_3,0.018,0.0,0.036,92605003
robustness,T5_SINGLE13_G3,shared,repaired,500,10000,truly_affected_pair,0.02,0.0,0.042,92605004
robustness,T5_SINGLE13_G3,shared,repaired,500,10000,unchanged_pair,-0.008,-0.02,0.004,92605005
robustness,T5_SINGLE13_G3,invariant_min,shared,500,10000,any_pair,0.004,-0.018,0.026,92605100
robustness,T5_SINGLE13_G3,invariant_min,shared,500,10000,pair_1,0.004,-0.008,0.016,92605101
robustness,T5_SINGLE13_G3,invariant_min,shared,500,10000,pair_2,0.004,-0.008,0.016,92605102
robustness,T5_SINGLE13_G3,invariant_min,shared,500,10000,pair_3,-0.006,-0.022,0.01,92605103
robustness,T5_SINGLE13_G3,invariant_min,shared,500,10000,truly_affected_pair,-0.002,-0.022,0.018,92605104
robustness,T5_SINGLE13_G3,invariant_min,shared,500,10000,unchanged_pair,0.004,-0.006,0.016,92605105
robustness,T5_SINGLE13_G3,invariant_min,repaired,500,10000,any_pair,0.014,-0.01,0.036,92605200
robustness,T5_SINGLE13_G3,invariant_min,repaired,500,10000,pair_1,-0.004,-0.016,0.008,92605201
robustness,T5_SINGLE13_G3,invariant_min,repaired,500,10000,pair_2,0.006,-0.006,0.02,92605202
robustness,T5_SINGLE13_G3,invariant_min,repaired,500,10000,pair_3,0.012,-0.004,0.028,92605203
robustness,T5_SINGLE13_G3,invariant_min,repaired,500,10000,truly_affected_pair,0.018,-0.002,0.038,92605204
robustness,T5_SINGLE13_G3,invariant_min,repaired,500,10000,unchanged_pair,-0.004,-0.016,0.008,92605205
