campaign,cell,arm,endpoint,rejections,planned_R,rate,wilson_low,wilson_high
power,EXACT27_G1,repaired,any_pair,48,500,0.096,0.07317350466541904,0.12498696242751521
power,EXACT27_G1,repaired,pair_1,25,500,0.05,0.034093745243849435,0.0727681611715476
power,EXACT27_G1,repaired,pair_2,23,500,0.046,0.030845108370816204,0.06807779276827323
power,EXACT27_G1,repaired,pair_3,8,500,0.016,0.008129253033388314,0.03125110853339426
power,EXACT27_G1,repaired,truly_affected_pair,41,500,0.082,0.06101908946846894,0.10935485915738875
power,EXACT27_G1,repaired,unchanged_pair,8,500,0.016,0.008129253033388314,0.03125110853339426
power,EXACT27_G1,shared,any_pair,95,500,0.19,0.1580273788297291,0.2266997122564333
power,EXACT27_G1,shared,pair_1,75,500,0.15,0.12137595769138819,0.18396108063169836
power,EXACT27_G1,shared,pair_2,52,500,0.104,0.08019420676989107,0.1338442708756583
power,EXACT27_G1,shared,pair_3,4,500,0.008,0.00311531518006224,0.020387035834105168
power,EXACT27_G1,shared,truly_affected_pair,92,500,0.184,0.1524894793781606,0.22032910379354043
power,EXACT27_G1,shared,unchanged_pair,4,500,0.008,0.00311531518006224,0.020387035834105168
power,EXACT27_G1,invariant_min,any_pair,90,500,0.18,0.148804907912759,0.21607466998263444
power,EXACT27_G1,invariant_min,pair_1,56,500,0.112,0.08726280019410226,0.1426536880040623
power,EXACT27_G1,invariant_min,pair_2,65,500,0.13,0.10332065036463456,0.16232136157691412
power,EXACT27_G1,invariant_min,pair_3,2,500,0.004,0.0010976305226827934,0.014465715215177033
power,EXACT27_G1,invariant_min,truly_affected_pair,88,500,0.176,0.1451264013297259,0.21181417128935995
power,EXACT27_G1,invariant_min,unchanged_pair,2,500,0.004,0.0010976305226827934,0.014465715215177033
power,EXACT27_G3,repaired,any_pair,70,500,0.14,0.11232266018786358,0.17316686494445405
power,EXACT27_G3,repaired,pair_1,3,500,0.006,0.0020425962719602363,0.01749025210405338
power,EXACT27_G3,repaired,pair_2,12,500,0.024,0.013781314655496986,0.041477057463900756
power,EXACT27_G3,repaired,pair_3,57,500,0.114,0.08903690099400285,0.1448490898423155
power,EXACT27_G3,repaired,truly_affected_pair,68,500,0.136,0.10871544340723721,0.16883507644877283
power,EXACT27_G3,repaired,unchanged_pair,3,500,0.006,0.0020425962719602363,0.01749025210405338
power,EXACT27_G3,shared,any_pair,179,500,0.358,0.317207603401289,0.40095770928979185
power,EXACT27_G3,shared,pair_1,12,500,0.024,0.013781314655496986,0.041477057463900756
power,EXACT27_G3,shared,pair_2,39,500,0.078,0.05758139347616159,0.10485354987338852
power,EXACT27_G3,shared,pair_3,160,500,0.32,0.28061775068949024,0.3621270118766686
power,EXACT27_G3,shared,truly_affected_pair,175,500,0.35,0.3094801731446609,0.39280712899380477
power,EXACT27_G3,shared,unchanged_pair,12,500,0.024,0.013781314655496986,0.041477057463900756
power,EXACT27_G3,invariant_min,any_pair,272,500,0.544,0.5001738756211381,0.5871551824182454
power,EXACT27_G3,invariant_min,pair_1,10,500,0.02,0.010899183596210813,0.036420183246879345
power,EXACT27_G3,invariant_min,pair_2,63,500,0.126,0.09973528894537706,0.15796771771986404
power,EXACT27_G3,invariant_min,pair_3,258,500,0.516,0.4722414643366831,0.5595145567685472
power,EXACT27_G3,invariant_min,truly_affected_pair,271,500,0.542,0.49817416517608065,0.585185390225149
power,EXACT27_G3,invariant_min,unchanged_pair,10,500,0.02,0.010899183596210813,0.036420183246879345
power,SINGLE13_G3,repaired,any_pair,46,500,0.092,0.06968272368045207,0.12053873813617456
power,SINGLE13_G3,repaired,pair_1,6,500,0.012,0.005510995174027703,0.025930361116447292
power,SINGLE13_G3,repaired,pair_2,8,500,0.016,0.008129253033388314,0.03125110853339426
power,SINGLE13_G3,repaired,pair_3,33,500,0.066,0.04737852635977387,0.09123940116085351
power,SINGLE13_G3,repaired,truly_affected_pair,41,500,0.082,0.06101908946846894,0.10935485915738875
power,SINGLE13_G3,repaired,unchanged_pair,6,500,0.012,0.005510995174027703,0.025930361116447292
power,SINGLE13_G3,shared,any_pair,225,500,0.45,0.4069396517813318,0.4938227822648235
power,SINGLE13_G3,shared,pair_1,9,500,0.018,0.009498193296197078,0.033851670908739286
power,SINGLE13_G3,shared,pair_2,72,500,0.144,0.11593807411034973,0.17749045629827542
power,SINGLE13_G3,shared,pair_3,195,500,0.39,0.3482413304011046,0.43343602450043706
power,SINGLE13_G3,shared,truly_affected_pair,222,500,0.444,0.4010408191814197,0.4878131069502743
power,SINGLE13_G3,shared,unchanged_pair,9,500,0.018,0.009498193296197078,0.033851670908739286
power,SINGLE13_G3,invariant_min,any_pair,273,500,0.546,0.502174287351395,0.5891242733261424
power,SINGLE13_G3,invariant_min,pair_1,8,500,0.016,0.008129253033388314,0.03125110853339426
power,SINGLE13_G3,invariant_min,pair_2,78,500,0.156,0.126830791403845,0.19041475483370296
power,SINGLE13_G3,invariant_min,pair_3,253,500,0.506,0.4622986388334935,0.5496098690809679
power,SINGLE13_G3,invariant_min,truly_affected_pair,271,500,0.542,0.49817416517608065,0.585185390225149
power,SINGLE13_G3,invariant_min,unchanged_pair,8,500,0.016,0.008129253033388314,0.03125110853339426
power,DISJOINT6_G1,repaired,any_pair,26,500,0.052,0.035730265115705276,0.07510114393784553
power,DISJOINT6_G1,repaired,pair_1,10,500,0.02,0.010899183596210813,0.036420183246879345
power,DISJOINT6_G1,repaired,pair_2,10,500,0.02,0.010899183596210813,0.036420183246879345
power,DISJOINT6_G1,repaired,pair_3,6,500,0.012,0.005510995174027703,0.025930361116447292
power,DISJOINT6_G1,repaired,truly_affected_pair,20,500,0.04,0.026040797389777257,0.060973595834850805
power,DISJOINT6_G1,repaired,unchanged_pair,6,500,0.012,0.005510995174027703,0.025930361116447292
power,DISJOINT6_G1,shared,any_pair,30,500,0.06,0.0423483564809462,0.08436106312521979
power,DISJOINT6_G1,shared,pair_1,21,500,0.042,0.027632310108451703,0.06335158575433016
power,DISJOINT6_G1,shared,pair_2,11,500,0.022,0.012328008269927582,0.03896086121131637
power,DISJOINT6_G1,shared,pair_3,4,500,0.008,0.00311531518006224,0.020387035834105168
power,DISJOINT6_G1,shared,truly_affected_pair,26,500,0.052,0.035730265115705276,0.07510114393784553
power,DISJOINT6_G1,shared,unchanged_pair,4,500,0.008,0.00311531518006224,0.020387035834105168
power,DISJOINT6_G1,invariant_min,any_pair,19,500,0.038,0.024460118055830385,0.05858477253064388
power,DISJOINT6_G1,invariant_min,pair_1,13,500,0.026,0.015256383923327248,0.04397149083422428
power,DISJOINT6_G1,invariant_min,pair_2,11,500,0.022,0.012328008269927582,0.03896086121131637
power,DISJOINT6_G1,invariant_min,pair_3,2,500,0.004,0.0010976305226827934,0.014465715215177033
power,DISJOINT6_G1,invariant_min,truly_affected_pair,17,500,0.034,0.02133451980853219,0.053771365501634506
power,DISJOINT6_G1,invariant_min,unchanged_pair,2,500,0.004,0.0010976305226827934,0.014465715215177033
power,GAUSSIAN_H0,repaired,any_pair,34,1000,0.034,0.024431348663226313,0.04713519024531107
power,GAUSSIAN_H0,repaired,pair_1,13,1000,0.013,0.0076128203893510256,0.022114442375579666
power,GAUSSIAN_H0,repaired,pair_2,7,1000,0.007,0.0033948684009907646,0.014378315465766588
power,GAUSSIAN_H0,repaired,pair_3,16,1000,0.016,0.009872242002277388,0.02583206021173997
power,GAUSSIAN_H0,repaired,unchanged_pair,34,1000,0.034,0.024431348663226313,0.04713519024531107
power,GAUSSIAN_H0,shared,any_pair,28,1000,0.028,0.019442276812770925,0.04017018319759311
power,GAUSSIAN_H0,shared,pair_1,8,1000,0.008,0.004059195818806103,0.015706334530980144
power,GAUSSIAN_H0,shared,pair_2,14,1000,0.014,0.00835757513042392,0.02336203411753566
power,GAUSSIAN_H0,shared,pair_3,10,1000,0.01,0.005440754445529249,0.018309468870314774
power,GAUSSIAN_H0,shared,unchanged_pair,28,1000,0.028,0.019442276812770925,0.04017018319759311
power,GAUSSIAN_H0,invariant_min,any_pair,42,1000,0.042,0.031220885546165447,0.056284425226603055
power,GAUSSIAN_H0,invariant_min,pair_1,17,1000,0.017,0.010640689856816328,0.027055958840229925
power,GAUSSIAN_H0,invariant_min,pair_2,14,1000,0.014,0.00835757513042392,0.02336203411753566
power,GAUSSIAN_H0,invariant_min,pair_3,18,1000,0.018,0.011415740009567788,0.028273255170507345
power,GAUSSIAN_H0,invariant_min,unchanged_pair,42,1000,0.042,0.031220885546165447,0.056284425226603055
robustness,CORR_H0,repaired,any_pair,37,1000,0.037,0.026961180875554734,0.05058239748206931
robustness,CORR_H0,repaired,pair_1,7,1000,0.007,0.0033948684009907646,0.014378315465766588
robustness,CORR_H0,repaired,pair_2,16,1000,0.016,0.009872242002277388,0.02583206021173997
robustness,CORR_H0,repaired,pair_3,18,1000,0.018,0.011415740009567788,0.028273255170507345
robustness,CORR_H0,repaired,unchanged_pair,37,1000,0.037,0.026961180875554734,0.05058239748206931
robustness,CORR_H0,shared,any_pair,33,1000,0.033,0.023592927958426907,0.04598126446708159
robustness,CORR_H0,shared,pair_1,14,1000,0.014,0.00835757513042392,0.02336203411753566
robustness,CORR_H0,shared,pair_2,10,1000,0.01,0.005440754445529249,0.018309468870314774
robustness,CORR_H0,shared,pair_3,13,1000,0.013,0.0076128203893510256,0.022114442375579666
robustness,CORR_H0,shared,unchanged_pair,33,1000,0.033,0.023592927958426907,0.04598126446708159
robustness,CORR_H0,invariant_min,any_pair,26,1000,0.026,0.017803938201616326,0.03782382884268993
robustness,CORR_H0,invariant_min,pair_1,11,1000,0.011,0.006153174098086638,0.019589395700786275
robustness,CORR_H0,invariant_min,pair_2,8,1000,0.008,0.004059195818806103,0.015706334530980144
robustness,CORR_H0,invariant_min,pair_3,11,1000,0.011,0.006153174098086638,0.019589395700786275
robustness,CORR_H0,invariant_min,unchanged_pair,26,1000,0.026,0.017803938201616326,0.03782382884268993
robustness,CORR_SINGLE6_G1,repaired,any_pair,32,500,0.064,0.04569601604478943,0.08895240883768415
robustness,CORR_SINGLE6_G1,repaired,pair_1,18,500,0.036,0.02289106098029272,0.056184326968027755
robustness,CORR_SINGLE6_G1,repaired,pair_2,8,500,0.016,0.008129253033388314,0.03125110853339426
robustness,CORR_SINGLE6_G1,repaired,pair_3,6,500,0.012,0.005510995174027703,0.025930361116447292
robustness,CORR_SINGLE6_G1,repaired,truly_affected_pair,26,500,0.052,0.035730265115705276,0.07510114393784553
robustness,CORR_SINGLE6_G1,repaired,unchanged_pair,6,500,0.012,0.005510995174027703,0.025930361116447292
robustness,CORR_SINGLE6_G1,shared,any_pair,25,500,0.05,0.034093745243849435,0.0727681611715476
robustness,CORR_SINGLE6_G1,shared,pair_1,19,500,0.038,0.024460118055830385,0.05858477253064388
robustness,CORR_SINGLE6_G1,shared,pair_2,11,500,0.022,0.012328008269927582,0.03896086121131637
robustness,CORR_SINGLE6_G1,shared,pair_3,2,500,0.004,0.0010976305226827934,0.014465715215177033
robustness,CORR_SINGLE6_G1,shared,truly_affected_pair,23,500,0.046,0.030845108370816204,0.06807779276827323
robustness,CORR_SINGLE6_G1,shared,unchanged_pair,2,500,0.004,0.0010976305226827934,0.014465715215177033
robustness,CORR_SINGLE6_G1,invariant_min,any_pair,18,500,0.036,0.02289106098029272,0.056184326968027755
robustness,CORR_SINGLE6_G1,invariant_min,pair_1,11,500,0.022,0.012328008269927582,0.03896086121131637
robustness,CORR_SINGLE6_G1,invariant_min,pair_2,12,500,0.024,0.013781314655496986,0.041477057463900756
robustness,CORR_SINGLE6_G1,invariant_min,pair_3,3,500,0.006,0.0020425962719602363,0.01749025210405338
robustness,CORR_SINGLE6_G1,invariant_min,truly_affected_pair,15,500,0.03,0.018263213197913384,0.04890366683594573
robustness,CORR_SINGLE6_G1,invariant_min,unchanged_pair,3,500,0.006,0.0020425962719602363,0.01749025210405338
robustness,CORR_SINGLE13_G3,repaired,any_pair,48,500,0.096,0.07317350466541904,0.12498696242751521
robustness,CORR_SINGLE13_G3,repaired,pair_1,6,500,0.012,0.005510995174027703,0.025930361116447292
robustness,CORR_SINGLE13_G3,repaired,pair_2,17,500,0.034,0.02133451980853219,0.053771365501634506
robustness,CORR_SINGLE13_G3,repaired,pair_3,28,500,0.056,0.03902562068315149,0.0797447936467069
robustness,CORR_SINGLE13_G3,repaired,truly_affected_pair,44,500,0.088,0.06620598447492893,0.11607647206539012
robustness,CORR_SINGLE13_G3,repaired,unchanged_pair,6,500,0.012,0.005510995174027703,0.025930361116447292
robustness,CORR_SINGLE13_G3,shared,any_pair,191,500,0.382,0.3404646252341933,0.4253347191147331
robustness,CORR_SINGLE13_G3,shared,pair_1,5,500,0.01,0.004278753896590496,0.023193099755730702
robustness,CORR_SINGLE13_G3,shared,pair_2,59,500,0.118,0.09259300825150649,0.14923198786111944
robustness,CORR_SINGLE13_G3,shared,pair_3,182,500,0.364,0.32301143591892645,0.4070623846866158
robustness,CORR_SINGLE13_G3,shared,truly_affected_pair,188,500,0.376,0.3346400158192325,0.4192508206152326
robustness,CORR_SINGLE13_G3,shared,unchanged_pair,5,500,0.01,0.004278753896590496,0.023193099755730702
robustness,CORR_SINGLE13_G3,invariant_min,any_pair,255,500,0.51,0.4662736879310782,0.5535738252596908
robustness,CORR_SINGLE13_G3,invariant_min,pair_1,5,500,0.01,0.004278753896590496,0.023193099755730702
robustness,CORR_SINGLE13_G3,invariant_min,pair_2,53,500,0.106,0.08195705027297034,0.13605093001073285
robustness,CORR_SINGLE13_G3,invariant_min,pair_3,245,500,0.49,0.4464261747403093,0.5337263120689218
robustness,CORR_SINGLE13_G3,invariant_min,truly_affected_pair,255,500,0.51,0.4662736879310782,0.5535738252596908
robustness,CORR_SINGLE13_G3,invariant_min,unchanged_pair,5,500,0.01,0.004278753896590496,0.023193099755730702
robustness,T5_H0,repaired,any_pair,47,1000,0.047,0.0355271051063845,0.06193993808152845
robustness,T5_H0,repaired,pair_1,14,1000,0.014,0.00835757513042392,0.02336203411753566
robustness,T5_H0,repaired,pair_2,17,1000,0.017,0.010640689856816328,0.027055958840229925
robustness,T5_H0,repaired,pair_3,18,1000,0.018,0.011415740009567788,0.028273255170507345
robustness,T5_H0,repaired,unchanged_pair,47,1000,0.047,0.0355271051063845,0.06193993808152845
robustness,T5_H0,shared,any_pair,19,1000,0.019,0.012196885750790904,0.02948445591231312
robustness,T5_H0,shared,pair_1,8,1000,0.008,0.004059195818806103,0.015706334530980144
robustness,T5_H0,shared,pair_2,8,1000,0.008,0.004059195818806103,0.015706334530980144
robustness,T5_H0,shared,pair_3,7,1000,0.007,0.0033948684009907646,0.014378315465766588
robustness,T5_H0,shared,unchanged_pair,19,1000,0.019,0.012196885750790904,0.02948445591231312
robustness,T5_H0,invariant_min,any_pair,25,1000,0.025,0.016990131293434067,0.0366452892678433
robustness,T5_H0,invariant_min,pair_1,10,1000,0.01,0.005440754445529249,0.018309468870314774
robustness,T5_H0,invariant_min,pair_2,7,1000,0.007,0.0033948684009907646,0.014378315465766588
robustness,T5_H0,invariant_min,pair_3,12,1000,0.012,0.006877647806403522,0.02085726847549828
robustness,T5_H0,invariant_min,unchanged_pair,25,1000,0.025,0.016990131293434067,0.0366452892678433
robustness,T5_SINGLE6_G1,repaired,any_pair,20,500,0.04,0.026040797389777257,0.060973595834850805
robustness,T5_SINGLE6_G1,repaired,pair_1,10,500,0.02,0.010899183596210813,0.036420183246879345
robustness,T5_SINGLE6_G1,repaired,pair_2,4,500,0.008,0.00311531518006224,0.020387035834105168
robustness,T5_SINGLE6_G1,repaired,pair_3,7,500,0.014,0.00679778979084349,0.02861306913778529
robustness,T5_SINGLE6_G1,repaired,truly_affected_pair,13,500,0.026,0.015256383923327248,0.04397149083422428
robustness,T5_SINGLE6_G1,repaired,unchanged_pair,7,500,0.014,0.00679778979084349,0.02861306913778529
robustness,T5_SINGLE6_G1,shared,any_pair,16,500,0.032,0.019791513626571118,0.051344869045441784
robustness,T5_SINGLE6_G1,shared,pair_1,10,500,0.02,0.010899183596210813,0.036420183246879345
robustness,T5_SINGLE6_G1,shared,pair_2,8,500,0.016,0.008129253033388314,0.03125110853339426
robustness,T5_SINGLE6_G1,shared,pair_3,2,500,0.004,0.0010976305226827934,0.014465715215177033
robustness,T5_SINGLE6_G1,shared,truly_affected_pair,14,500,0.028,0.01675097472075645,0.04644640267494888
robustness,T5_SINGLE6_G1,shared,unchanged_pair,2,500,0.004,0.0010976305226827934,0.014465715215177033
robustness,T5_SINGLE6_G1,invariant_min,any_pair,12,500,0.024,0.013781314655496986,0.041477057463900756
robustness,T5_SINGLE6_G1,invariant_min,pair_1,4,500,0.008,0.00311531518006224,0.020387035834105168
robustness,T5_SINGLE6_G1,invariant_min,pair_2,6,500,0.012,0.005510995174027703,0.025930361116447292
robustness,T5_SINGLE6_G1,invariant_min,pair_3,3,500,0.006,0.0020425962719602363,0.01749025210405338
robustness,T5_SINGLE6_G1,invariant_min,truly_affected_pair,9,500,0.018,0.009498193296197078,0.033851670908739286
robustness,T5_SINGLE6_G1,invariant_min,unchanged_pair,3,500,0.006,0.0020425962719602363,0.01749025210405338
robustness,T5_SINGLE13_G3,repaired,any_pair,16,500,0.032,0.019791513626571118,0.051344869045441784
robustness,T5_SINGLE13_G3,repaired,pair_1,7,500,0.014,0.00679778979084349,0.02861306913778529
robustness,T5_SINGLE13_G3,repaired,pair_2,4,500,0.008,0.00311531518006224,0.020387035834105168
robustness,T5_SINGLE13_G3,repaired,pair_3,7,500,0.014,0.00679778979084349,0.02861306913778529
robustness,T5_SINGLE13_G3,repaired,truly_affected_pair,10,500,0.02,0.010899183596210813,0.036420183246879345
robustness,T5_SINGLE13_G3,repaired,unchanged_pair,7,500,0.014,0.00679778979084349,0.02861306913778529
robustness,T5_SINGLE13_G3,shared,any_pair,21,500,0.042,0.027632310108451703,0.06335158575433016
robustness,T5_SINGLE13_G3,shared,pair_1,3,500,0.006,0.0020425962719602363,0.01749025210405338
robustness,T5_SINGLE13_G3,shared,pair_2,5,500,0.01,0.004278753896590496,0.023193099755730702
robustness,T5_SINGLE13_G3,shared,pair_3,16,500,0.032,0.019791513626571118,0.051344869045441784
robustness,T5_SINGLE13_G3,shared,truly_affected_pair,20,500,0.04,0.026040797389777257,0.060973595834850805
robustness,T5_SINGLE13_G3,shared,unchanged_pair,3,500,0.006,0.0020425962719602363,0.01749025210405338
robustness,T5_SINGLE13_G3,invariant_min,any_pair,23,500,0.046,0.030845108370816204,0.06807779276827323
robustness,T5_SINGLE13_G3,invariant_min,pair_1,5,500,0.01,0.004278753896590496,0.023193099755730702
robustness,T5_SINGLE13_G3,invariant_min,pair_2,7,500,0.014,0.00679778979084349,0.02861306913778529
robustness,T5_SINGLE13_G3,invariant_min,pair_3,13,500,0.026,0.015256383923327248,0.04397149083422428
robustness,T5_SINGLE13_G3,invariant_min,truly_affected_pair,19,500,0.038,0.024460118055830385,0.05858477253064388
robustness,T5_SINGLE13_G3,invariant_min,unchanged_pair,5,500,0.01,0.004278753896590496,0.023193099755730702
