run_id,cell,engine,R_ok,R_rows,biomarker,mean_pos_g1_minus_g3,se,mean_tau_g1g3,err_g1,err_g3
confirm_core_a,IID_H0,original,1000,1000,ABETA,0.24,0.117,0.3344,0.3223,0.2077
confirm_core_a,IID_H0,original,1000,1000,PTAU,-0.173,0.1288,0.3344,0.3223,0.2077
confirm_core_a,IID_H0,original,1000,1000,TAU,-0.035,0.1382,0.3344,0.3223,0.2077
confirm_core_a,IID_H0,original,1000,1000,NG,-0.129,0.1745,0.3344,0.3223,0.2077
confirm_core_a,IID_H0,original,1000,1000,NFL,0.049,0.166,0.3344,0.3223,0.2077
confirm_core_a,IID_H0,original,1000,1000,ADAS13,0.149,0.0999,0.3344,0.3223,0.2077
confirm_core_a,IID_H0,original,1000,1000,MMSE,-0.092,0.113,0.3344,0.3223,0.2077
confirm_core_a,IID_H0,original,1000,1000,Hippocampus,0.217,0.1199,0.3344,0.3223,0.2077
confirm_core_a,IID_H0,original,1000,1000,Entorhinal,0.111,0.1261,0.3344,0.3223,0.2077
confirm_core_a,IID_H0,original,1000,1000,MidTemp,0.141,0.1309,0.3344,0.3223,0.2077
confirm_core_a,IID_H0,original,1000,1000,Fusiform,-0.028,0.1368,0.3344,0.3223,0.2077
confirm_core_a,IID_H0,original,1000,1000,WholeBrain,-0.285,0.1392,0.3344,0.3223,0.2077
confirm_core_a,IID_H0,original,1000,1000,Ventricles,-0.049,0.1339,0.3344,0.3223,0.2077
confirm_core_a,IID_H0,original,1000,1000,Precuneus,-0.116,0.1433,0.3344,0.3223,0.2077
confirm_core_a,IID_H0,repaired,1000,1000,ABETA,0.27,0.116,0.3351,0.3234,0.2084
confirm_core_a,IID_H0,repaired,1000,1000,PTAU,-0.172,0.1298,0.3351,0.3234,0.2084
confirm_core_a,IID_H0,repaired,1000,1000,TAU,-0.034,0.1385,0.3351,0.3234,0.2084
confirm_core_a,IID_H0,repaired,1000,1000,NG,-0.147,0.1744,0.3351,0.3234,0.2084
confirm_core_a,IID_H0,repaired,1000,1000,NFL,0.03,0.1663,0.3351,0.3234,0.2084
confirm_core_a,IID_H0,repaired,1000,1000,ADAS13,0.132,0.1001,0.3351,0.3234,0.2084
confirm_core_a,IID_H0,repaired,1000,1000,MMSE,-0.092,0.1134,0.3351,0.3234,0.2084
confirm_core_a,IID_H0,repaired,1000,1000,Hippocampus,0.239,0.1199,0.3351,0.3234,0.2084
confirm_core_a,IID_H0,repaired,1000,1000,Entorhinal,0.101,0.1265,0.3351,0.3234,0.2084
confirm_core_a,IID_H0,repaired,1000,1000,MidTemp,0.117,0.1307,0.3351,0.3234,0.2084
confirm_core_a,IID_H0,repaired,1000,1000,Fusiform,-0.044,0.1374,0.3351,0.3234,0.2084
confirm_core_a,IID_H0,repaired,1000,1000,WholeBrain,-0.277,0.1396,0.3351,0.3234,0.2084
confirm_core_a,IID_H0,repaired,1000,1000,Ventricles,-0.029,0.1348,0.3351,0.3234,0.2084
confirm_core_a,IID_H0,repaired,1000,1000,Precuneus,-0.094,0.1437,0.3351,0.3234,0.2084
confirm_core_a,REF_H0,original,1000,1000,ABETA,2.385,0.1435,0.4127,0.3889,0.1913
confirm_core_a,REF_H0,original,1000,1000,PTAU,1.462,0.1551,0.4127,0.3889,0.1913
confirm_core_a,REF_H0,original,1000,1000,TAU,0.213,0.1455,0.4127,0.3889,0.1913
confirm_core_a,REF_H0,original,1000,1000,NG,-2.484,0.1604,0.4127,0.3889,0.1913
confirm_core_a,REF_H0,original,1000,1000,NFL,-1.797,0.1621,0.4127,0.3889,0.1913
confirm_core_a,REF_H0,original,1000,1000,ADAS13,3.989,0.1305,0.4127,0.3889,0.1913
confirm_core_a,REF_H0,original,1000,1000,MMSE,2.014,0.1421,0.4127,0.3889,0.1913
confirm_core_a,REF_H0,original,1000,1000,Hippocampus,0.766,0.1424,0.4127,0.3889,0.1913
confirm_core_a,REF_H0,original,1000,1000,Entorhinal,0.038,0.1435,0.4127,0.3889,0.1913
confirm_core_a,REF_H0,original,1000,1000,MidTemp,-0.62,0.1476,0.4127,0.3889,0.1913
confirm_core_a,REF_H0,original,1000,1000,Fusiform,-0.636,0.1437,0.4127,0.3889,0.1913
confirm_core_a,REF_H0,original,1000,1000,WholeBrain,-1.157,0.1434,0.4127,0.3889,0.1913
confirm_core_a,REF_H0,original,1000,1000,Ventricles,-1.798,0.1439,0.4127,0.3889,0.1913
confirm_core_a,REF_H0,original,1000,1000,Precuneus,-2.375,0.1346,0.4127,0.3889,0.1913
confirm_core_a,REF_H0,repaired,1000,1000,ABETA,2.363,0.1436,0.4134,0.3894,0.1921
confirm_core_a,REF_H0,repaired,1000,1000,PTAU,1.424,0.1556,0.4134,0.3894,0.1921
confirm_core_a,REF_H0,repaired,1000,1000,TAU,0.2,0.1467,0.4134,0.3894,0.1921
confirm_core_a,REF_H0,repaired,1000,1000,NG,-2.424,0.1615,0.4134,0.3894,0.1921
confirm_core_a,REF_H0,repaired,1000,1000,NFL,-1.781,0.1613,0.4134,0.3894,0.1921
confirm_core_a,REF_H0,repaired,1000,1000,ADAS13,3.954,0.1315,0.4134,0.3894,0.1921
confirm_core_a,REF_H0,repaired,1000,1000,MMSE,2.007,0.1428,0.4134,0.3894,0.1921
confirm_core_a,REF_H0,repaired,1000,1000,Hippocampus,0.764,0.143,0.4134,0.3894,0.1921
confirm_core_a,REF_H0,repaired,1000,1000,Entorhinal,0.05,0.144,0.4134,0.3894,0.1921
confirm_core_a,REF_H0,repaired,1000,1000,MidTemp,-0.63,0.149,0.4134,0.3894,0.1921
confirm_core_a,REF_H0,repaired,1000,1000,Fusiform,-0.601,0.1445,0.4134,0.3894,0.1921
confirm_core_a,REF_H0,repaired,1000,1000,WholeBrain,-1.132,0.1437,0.4134,0.3894,0.1921
confirm_core_a,REF_H0,repaired,1000,1000,Ventricles,-1.802,0.1437,0.4134,0.3894,0.1921
confirm_core_a,REF_H0,repaired,1000,1000,Precuneus,-2.392,0.1341,0.4134,0.3894,0.1921
method_calibration_a,REF_H0,invariant_min,1000,1000,ABETA,-0.091,0.0559,0.0959,0.2622,0.2472
method_calibration_a,REF_H0,invariant_min,1000,1000,PTAU,0.045,0.0517,0.0959,0.2622,0.2472
method_calibration_a,REF_H0,invariant_min,1000,1000,TAU,0.092,0.0487,0.0959,0.2622,0.2472
method_calibration_a,REF_H0,invariant_min,1000,1000,NG,0.043,0.0648,0.0959,0.2622,0.2472
method_calibration_a,REF_H0,invariant_min,1000,1000,NFL,0.076,0.0693,0.0959,0.2622,0.2472
method_calibration_a,REF_H0,invariant_min,1000,1000,ADAS13,-0.135,0.0517,0.0959,0.2622,0.2472
method_calibration_a,REF_H0,invariant_min,1000,1000,MMSE,0.036,0.051,0.0959,0.2622,0.2472
method_calibration_a,REF_H0,invariant_min,1000,1000,Hippocampus,-0.014,0.0495,0.0959,0.2622,0.2472
method_calibration_a,REF_H0,invariant_min,1000,1000,Entorhinal,-0.056,0.0469,0.0959,0.2622,0.2472
method_calibration_a,REF_H0,invariant_min,1000,1000,MidTemp,0.01,0.0466,0.0959,0.2622,0.2472
method_calibration_a,REF_H0,invariant_min,1000,1000,Fusiform,-0.034,0.0428,0.0959,0.2622,0.2472
method_calibration_a,REF_H0,invariant_min,1000,1000,WholeBrain,0.028,0.0469,0.0959,0.2622,0.2472
method_calibration_a,REF_H0,invariant_min,1000,1000,Ventricles,-0.083,0.0436,0.0959,0.2622,0.2472
method_calibration_a,REF_H0,invariant_min,1000,1000,Precuneus,0.083,0.0488,0.0959,0.2622,0.2472
method_calibration_a,REF_H0,shared,1000,1000,ABETA,1.752,0.075,0.1647,0.2868,0.2368
method_calibration_a,REF_H0,shared,1000,1000,PTAU,1.005,0.067,0.1647,0.2868,0.2368
method_calibration_a,REF_H0,shared,1000,1000,TAU,0.017,0.0638,0.1647,0.2868,0.2368
method_calibration_a,REF_H0,shared,1000,1000,NG,-1.11,0.0668,0.1647,0.2868,0.2368
method_calibration_a,REF_H0,shared,1000,1000,NFL,-0.863,0.073,0.1647,0.2868,0.2368
method_calibration_a,REF_H0,shared,1000,1000,ADAS13,3.012,0.0849,0.1647,0.2868,0.2368
method_calibration_a,REF_H0,shared,1000,1000,MMSE,1.39,0.0683,0.1647,0.2868,0.2368
method_calibration_a,REF_H0,shared,1000,1000,Hippocampus,0.407,0.0638,0.1647,0.2868,0.2368
method_calibration_a,REF_H0,shared,1000,1000,Entorhinal,-0.204,0.0616,0.1647,0.2868,0.2368
method_calibration_a,REF_H0,shared,1000,1000,MidTemp,-0.467,0.0635,0.1647,0.2868,0.2368
method_calibration_a,REF_H0,shared,1000,1000,Fusiform,-0.858,0.0601,0.1647,0.2868,0.2368
method_calibration_a,REF_H0,shared,1000,1000,WholeBrain,-1.12,0.0592,0.1647,0.2868,0.2368
method_calibration_a,REF_H0,shared,1000,1000,Ventricles,-1.362,0.0574,0.1647,0.2868,0.2368
method_calibration_a,REF_H0,shared,1000,1000,Precuneus,-1.599,0.0589,0.1647,0.2868,0.2368
method_calibration_pooled_a,REF_H0,invariant_pooled,1000,1000,ABETA,-0.058,0.0568,0.098,0.2575,0.2389
method_calibration_pooled_a,REF_H0,invariant_pooled,1000,1000,PTAU,0.071,0.0515,0.098,0.2575,0.2389
method_calibration_pooled_a,REF_H0,invariant_pooled,1000,1000,TAU,0.067,0.0492,0.098,0.2575,0.2389
method_calibration_pooled_a,REF_H0,invariant_pooled,1000,1000,NG,-0.014,0.0648,0.098,0.2575,0.2389
method_calibration_pooled_a,REF_H0,invariant_pooled,1000,1000,NFL,0.04,0.0689,0.098,0.2575,0.2389
method_calibration_pooled_a,REF_H0,invariant_pooled,1000,1000,ADAS13,-0.073,0.0535,0.098,0.2575,0.2389
method_calibration_pooled_a,REF_H0,invariant_pooled,1000,1000,MMSE,0.049,0.0513,0.098,0.2575,0.2389
method_calibration_pooled_a,REF_H0,invariant_pooled,1000,1000,Hippocampus,0.004,0.0498,0.098,0.2575,0.2389
method_calibration_pooled_a,REF_H0,invariant_pooled,1000,1000,Entorhinal,-0.046,0.0488,0.098,0.2575,0.2389
method_calibration_pooled_a,REF_H0,invariant_pooled,1000,1000,MidTemp,0.024,0.048,0.098,0.2575,0.2389
method_calibration_pooled_a,REF_H0,invariant_pooled,1000,1000,Fusiform,-0.047,0.0427,0.098,0.2575,0.2389
method_calibration_pooled_a,REF_H0,invariant_pooled,1000,1000,WholeBrain,0.027,0.0466,0.098,0.2575,0.2389
method_calibration_pooled_a,REF_H0,invariant_pooled,1000,1000,Ventricles,-0.072,0.0462,0.098,0.2575,0.2389
method_calibration_pooled_a,REF_H0,invariant_pooled,1000,1000,Precuneus,0.028,0.0484,0.098,0.2575,0.2389
method_kde_calibration_a,REF_H0_CD,kde_gmm,300,300,ABETA,0.1433,0.2452,0.4779,0.4846,0.3034
method_kde_calibration_a,REF_H0_CD,kde_gmm,300,300,PTAU,0.7933,0.252,0.4779,0.4846,0.3034
method_kde_calibration_a,REF_H0_CD,kde_gmm,300,300,TAU,-0.0933,0.3089,0.4779,0.4846,0.3034
method_kde_calibration_a,REF_H0_CD,kde_gmm,300,300,NG,-1.2333,0.403,0.4779,0.4846,0.3034
method_kde_calibration_a,REF_H0_CD,kde_gmm,300,300,NFL,-1.0667,0.3767,0.4779,0.4846,0.3034
method_kde_calibration_a,REF_H0_CD,kde_gmm,300,300,ADAS13,0.36,0.2124,0.4779,0.4846,0.3034
method_kde_calibration_a,REF_H0_CD,kde_gmm,300,300,MMSE,0.53,0.2563,0.4779,0.4846,0.3034
method_kde_calibration_a,REF_H0_CD,kde_gmm,300,300,Hippocampus,0.4867,0.2887,0.4779,0.4846,0.3034
method_kde_calibration_a,REF_H0_CD,kde_gmm,300,300,Entorhinal,0.3967,0.3071,0.4779,0.4846,0.3034
method_kde_calibration_a,REF_H0_CD,kde_gmm,300,300,MidTemp,0.0533,0.3177,0.4779,0.4846,0.3034
method_kde_calibration_a,REF_H0_CD,kde_gmm,300,300,Fusiform,-0.3333,0.3165,0.4779,0.4846,0.3034
method_kde_calibration_a,REF_H0_CD,kde_gmm,300,300,WholeBrain,0.14,0.3318,0.4779,0.4846,0.3034
method_kde_calibration_a,REF_H0_CD,kde_gmm,300,300,Ventricles,-0.6,0.3698,0.4779,0.4846,0.3034
method_kde_calibration_a,REF_H0_CD,kde_gmm,300,300,Precuneus,0.4233,0.4063,0.4779,0.4846,0.3034
method_kde_precision_a,REF_H0_CD_N4,kde_gmm,295,300,ABETA,0.8237,0.2057,0.4602,0.4453,0.2183
method_kde_precision_a,REF_H0_CD_N4,kde_gmm,295,300,PTAU,0.5051,0.2465,0.4602,0.4453,0.2183
method_kde_precision_a,REF_H0_CD_N4,kde_gmm,295,300,TAU,0.2305,0.2936,0.4602,0.4453,0.2183
method_kde_precision_a,REF_H0_CD_N4,kde_gmm,295,300,NG,-1.0441,0.4361,0.4602,0.4453,0.2183
method_kde_precision_a,REF_H0_CD_N4,kde_gmm,295,300,NFL,-1.2271,0.3838,0.4602,0.4453,0.2183
method_kde_precision_a,REF_H0_CD_N4,kde_gmm,295,300,ADAS13,0.6237,0.1805,0.4602,0.4453,0.2183
method_kde_precision_a,REF_H0_CD_N4,kde_gmm,295,300,MMSE,0.5763,0.2232,0.4602,0.4453,0.2183
method_kde_precision_a,REF_H0_CD_N4,kde_gmm,295,300,Hippocampus,0.4169,0.2624,0.4602,0.4453,0.2183
method_kde_precision_a,REF_H0_CD_N4,kde_gmm,295,300,Entorhinal,0.4644,0.2787,0.4602,0.4453,0.2183
method_kde_precision_a,REF_H0_CD_N4,kde_gmm,295,300,MidTemp,0.4034,0.3179,0.4602,0.4453,0.2183
method_kde_precision_a,REF_H0_CD_N4,kde_gmm,295,300,Fusiform,0.4847,0.3269,0.4602,0.4453,0.2183
method_kde_precision_a,REF_H0_CD_N4,kde_gmm,295,300,WholeBrain,-0.6305,0.3767,0.4602,0.4453,0.2183
method_kde_precision_a,REF_H0_CD_N4,kde_gmm,295,300,Ventricles,-0.3288,0.3605,0.4602,0.4453,0.2183
method_kde_precision_a,REF_H0_CD_N4,kde_gmm,295,300,Precuneus,-1.2983,0.4136,0.4602,0.4453,0.2183
