run_id,cell,engine,R,gap,low,high
method_kde_mechanism_a,IID_S_CD,kde_gmm,1000,0.9057142857142857,0.828267857142857,1.0038571428571428
method_kde_mechanism_a,IID_S_CD,kde_gmm_pooled,1000,0.3091428571428571,0.27371071428571425,0.3664321428571428
method_kde_mechanism_a,REF_S_CD,kde_gmm,1000,1.544142857142857,1.4545714285714286,1.6368642857142857
method_kde_mechanism_a,REF_S_CD,kde_gmm_pooled,1000,1.5980000000000003,1.5381357142857144,1.6581464285714287
method_kde_mechanism_a,REF_S_N4_CD,kde_gmm,1000,1.8349999999999997,1.7492750000000001,1.9178678571428571
method_kde_mechanism_a,REF_S_N4_CD,kde_gmm_pooled,1000,2.047714285714286,1.9919928571428573,2.1064321428571433
method_mechanism_16n_a,IID_S_N16,invariant_min,200,0.044285714285714296,0.03571428571428571,0.07285714285714286
method_mechanism_16n_a,IID_S_N16,repaired,200,0.2592857142857143,0.2178571428571429,0.32928571428571424
method_mechanism_16n_a,REF_S_N16,invariant_min,200,0.034999999999999996,0.035,0.07214285714285715
method_mechanism_16n_a,REF_S_N16,repaired,200,2.220714285714286,2.1457142857142855,2.3000000000000003
method_mechanism_a,BAL_S,invariant_min,1000,0.09914285714285716,0.08285714285714287,0.12285714285714286
method_mechanism_a,BAL_S,invariant_pooled,1000,0.09714285714285713,0.08214285714285716,0.12057142857142857
method_mechanism_a,BAL_S,repaired,1000,0.8942857142857141,0.8469892857142858,0.9685821428571427
method_mechanism_a,BAL_S,shared,1000,0.10885714285714287,0.09313571428571427,0.13172499999999993
method_mechanism_a,BAL_S_N4,invariant_min,1000,0.04414285714285715,0.039425,0.06171785714285713
method_mechanism_a,BAL_S_N4,invariant_pooled,1000,0.043857142857142865,0.039142857142857146,0.06257499999999999
method_mechanism_a,BAL_S_N4,repaired,1000,0.5435714285714285,0.5104285714285715,0.5955714285714285
method_mechanism_a,BAL_S_N4,shared,1000,0.046000000000000006,0.04071071428571429,0.06357499999999999
method_mechanism_a,IID_S,invariant_min,1000,0.07028571428571428,0.06271428571428572,0.09914285714285713
method_mechanism_a,IID_S,invariant_pooled,1000,0.07042857142857144,0.06399642857142858,0.09999999999999999
method_mechanism_a,IID_S,repaired,1000,0.8140000000000002,0.7571357142857142,0.8880071428571428
method_mechanism_a,IID_S,shared,1000,0.06814285714285714,0.06271428571428572,0.09757499999999998
method_mechanism_a,IID_S_N4,invariant_min,1000,0.03557142857142857,0.03156785714285714,0.054289285714285714
method_mechanism_a,IID_S_N4,invariant_pooled,1000,0.034999999999999996,0.03328214285714286,0.05414285714285715
method_mechanism_a,IID_S_N4,repaired,1000,0.49571428571428566,0.4568535714285715,0.5412857142857143
method_mechanism_a,IID_S_N4,shared,1000,0.03942857142857143,0.03571428571428571,0.059146428571428565
method_mechanism_a,REF_S,invariant_min,1000,0.1187142857142857,0.10385714285714287,0.14686428571428567
method_mechanism_a,REF_S,invariant_pooled,1000,0.13799999999999998,0.124425,0.1672892857142857
method_mechanism_a,REF_S,repaired,1000,2.0188571428571427,1.9511392857142857,2.0910107142857144
method_mechanism_a,REF_S,shared,1000,0.8207142857142856,0.79285,0.858
method_mechanism_a,REF_S_N4,invariant_min,1000,0.05728571428571429,0.05285714285714286,0.07885714285714286
method_mechanism_a,REF_S_N4,invariant_pooled,1000,0.06042857142857144,0.057,0.08299999999999999
method_mechanism_a,REF_S_N4,repaired,1000,2.208285714285714,2.1522750000000004,2.260439285714286
method_mechanism_a,REF_S_N4,shared,1000,1.1561428571428574,1.1250000000000002,1.1875714285714285
method_oracle_a,IID_S,oracle_equal_repaired,1000,1.0008571428571427,0.9507142857142858,1.059017857142857
method_oracle_a,IID_S,oracle_known_repaired,1000,0.07442857142857141,0.06857142857142857,0.08671785714285712
method_oracle_a,REF_S,oracle_equal_repaired,1000,2.6455714285714285,2.596996428571429,2.6944357142857136
method_oracle_a,REF_S,oracle_known_repaired,1000,0.22399999999999998,0.20900000000000002,0.2407178571428571
method_oracle_a,REF_S_N4,oracle_equal_repaired,1000,2.7805714285714287,2.7487071428571426,2.8127142857142857
method_oracle_a,REF_S_N4,oracle_known_repaired,1000,0.08785714285714287,0.08014285714285715,0.09742857142857143
method_oracle_estprior_a,IID_S,oracle_estimated_repaired,1000,0.716,0.6798535714285714,0.7631464285714287
method_oracle_estprior_a,REF_S,oracle_estimated_repaired,1000,1.6015714285714284,1.5532785714285713,1.6537142857142857
method_oracle_estprior_a,REF_S_N4,oracle_estimated_repaired,1000,1.0652857142857142,1.027282142857143,1.1065749999999999
method_saebm_a,BAL_S,saebm_conjugate,1000,1.460857142857143,1.4058535714285714,1.5252964285714288
method_saebm_a,IID_S,saebm_conjugate,1000,1.494857142857143,1.4437035714285718,1.5654392857142854
method_saebm_a,REF_S,saebm_conjugate,1000,2.3911428571428566,2.3329892857142855,2.4637178571428575
method_saebm_a,REF_S_N4,saebm_conjugate,1000,0.865857142857143,0.8240000000000002,0.9092892857142858
method_saebm_reference_a,BAL_S_CD,invariant_min,1000,0.08442857142857144,0.07314285714285715,0.106
method_saebm_reference_a,BAL_S_CD,repaired,1000,0.8261428571428571,0.7798535714285714,0.8938607142857141
method_saebm_reference_a,BAL_S_CD,shared,1000,0.09342857142857142,0.07942857142857143,0.11386071428571429
method_saebm_reference_a,IID_S_CD,invariant_min,1000,0.077,0.065,0.09743214285714284
method_saebm_reference_a,IID_S_CD,repaired,1000,0.875,0.8267071428571429,0.9435714285714285
method_saebm_reference_a,IID_S_CD,shared,1000,0.07985714285714285,0.06885357142857144,0.10271428571428573
method_saebm_reference_a,REF_S_CD,invariant_min,1000,0.116,0.10099285714285712,0.14143571428571425
method_saebm_reference_a,REF_S_CD,repaired,1000,2.0102857142857142,1.9424178571428572,2.072610714285714
method_saebm_reference_a,REF_S_CD,shared,1000,0.9974285714285713,0.9647071428571427,1.0354285714285714
method_saebm_reference_a,REF_S_N4_CD,invariant_min,1000,0.048571428571428585,0.04071071428571429,0.06771428571428571
method_saebm_reference_a,REF_S_N4_CD,repaired,1000,2.1338571428571425,2.0854142857142857,2.183864285714285
method_saebm_reference_a,REF_S_N4_CD,shared,1000,1.3031428571428574,1.272139285714286,1.3352857142857142
